{
  "rules": {
    "align": true,
    "class-name": true,
    "curly": true,
    "comment-format": true,
    "eofline": true,
    "forin": true,
    "indent": [
      true,
      "spaces"
    ],
    "interface-name": false,
    "label-position": true,
    "max-line-length": [
      true,
      140
    ],
    "member-access": false,
    "no-arg": true,
    "no-bitwise": true,
    "no-console": [
      true,
      "debug",
      "info",
      "time",
      "timeEnd",
      "trace",
      "log"
    ],
    "no-consecutive-blank-lines": true,
    "no-construct": true,
    "no-debugger": true,
    "no-duplicate-variable": true,
    "no-empty": true,
    "no-eval": true,
    "no-internal-module": true,
    "no-shadowed-variable": true,
    "no-string-literal": true,
    "no-switch-case-fall-through": true,
    "trailing-comma": [
      true,
      {
        "multiline": "always",
        "singleline": "never"
      }
    ],
    "no-use-before-declare": true,
    "no-unused-expression": true,
    "no-unused-variable": true,
    "no-var-keyword": true,
    "one-line": [
      true,
      "check-open-brace",
      "check-catch",
      "check-else",
      "check-whitespace"
    ],
    "radix": true,
    "semicolon": true,
    "triple-equals": [
      true,
      "allow-null-check"
    ],
    "quotemark": [
      true,
      "single"
    ],
    "variable-name": [
      true,
      "allow-leading-underscore",
      "allow-trailing-underscore"
    ]
  }
}
