{
    "Images": [
        {
            "VirtualizationType": "paravirtual", 
            "Name": "ci-moduscreate-Jenkins-2016-03", 
            "Tags": [
                {
                    "Value": "Jenkins-Ubuntu-12.04", 
                    "Key": "Name"
                }
            ], 
            "Hypervisor": "xen", 
            "ImageId": "ami-03f7f169", 
            "RootDeviceType": "ebs", 
            "State": "available", 
            "BlockDeviceMappings": [
                {
                    "DeviceName": "/dev/sda2", 
                    "VirtualName": "ephemeral0"
                }, 
                {
                    "DeviceName": "/dev/sda1", 
                    "Ebs": {
                        "DeleteOnTermination": false, 
                        "SnapshotId": "snap-2029bd57", 
                        "VolumeSize": 8, 
                        "VolumeType": "standard", 
                        "Encrypted": false
                    }
                }
            ], 
            "Architecture": "i386", 
            "ImageLocation": "976851222302/ci-moduscreate-Jenkins-2016-03", 
            "KernelId": "aki-407d9529", 
            "OwnerId": "976851222302", 
            "RootDeviceName": "/dev/sda1", 
            "CreationDate": "2016-03-14T13:20:11.000Z", 
            "Public": false, 
            "ImageType": "machine", 
            "Description": "Modus Create ci.moduscreate.com Jenkins AMI 2016-03 (instance type switch prep)"
        }, 
        {
            "VirtualizationType": "hvm", 
            "Name": "ubuntu-xenial-c360-1487196661", 
            "Tags": [
                {
                    "Value": "Ubuntu 16.04 C360 1487196661", 
                    "Key": "Name"
                }
            ], 
            "Hypervisor": "xen", 
            "SriovNetSupport": "simple", 
            "ImageId": "ami-0a529b1c", 
            "State": "available", 
            "BlockDeviceMappings": [
                {
                    "DeviceName": "/dev/sda1", 
                    "Ebs": {
                        "DeleteOnTermination": true, 
                        "SnapshotId": "snap-0053bab91d5c55aa1", 
                        "VolumeSize": 8, 
                        "VolumeType": "gp2", 
                        "Encrypted": false
                    }
                }, 
                {
                    "DeviceName": "/dev/sdb", 
                    "VirtualName": "ephemeral0"
                }, 
                {
                    "DeviceName": "/dev/sdc", 
                    "VirtualName": "ephemeral1"
                }
            ], 
            "Architecture": "x86_64", 
            "ImageLocation": "976851222302/ubuntu-xenial-c360-1487196661", 
            "RootDeviceType": "ebs", 
            "OwnerId": "976851222302", 
            "RootDeviceName": "/dev/sda1", 
            "CreationDate": "2017-02-15T22:13:37.000Z", 
            "Public": false, 
            "ImageType": "machine", 
            "Description": "Ubuntu 16.04 C360"
        }, 
        {
            "VirtualizationType": "paravirtual", 
            "Name": "SilkJSBase", 
            "Tags": [
                {
                    "Value": "Jay ?", 
                    "Key": "Name"
                }
            ], 
            "Hypervisor": "xen", 
            "ImageId": "ami-0b69df62", 
            "RootDeviceType": "ebs", 
            "State": "available", 
            "BlockDeviceMappings": [
                {
                    "DeviceName": "/dev/sda1", 
                    "Ebs": {
                        "DeleteOnTermination": true, 
                        "SnapshotId": "snap-d9d003ab", 
                        "VolumeSize": 8, 
                        "VolumeType": "standard", 
                        "Encrypted": false
                    }
                }, 
                {
                    "DeviceName": "/dev/sdb", 
                    "VirtualName": "ephemeral0"
                }
            ], 
            "Architecture": "x86_64", 
            "ImageLocation": "976851222302/SilkJSBase", 
            "KernelId": "aki-825ea7eb", 
            "OwnerId": "976851222302", 
            "RootDeviceName": "/dev/sda1", 
            "CreationDate": "2012-09-04T15:21:21.000Z", 
            "Public": false, 
            "ImageType": "machine", 
            "Description": ""
        }, 
        {
            "VirtualizationType": "hvm", 
            "Name": "debian-8-c360-1487196661", 
            "Tags": [
                {
                    "Value": "Debian 8 C360 1487196661", 
                    "Key": "Name"
                }
            ], 
            "Hypervisor": "xen", 
            "EnaSupport": true, 
            "SriovNetSupport": "simple", 
            "ImageId": "ami-1a549d0c", 
            "State": "available", 
            "BlockDeviceMappings": [
                {
                    "DeviceName": "/dev/xvda", 
                    "Ebs": {
                        "DeleteOnTermination": true, 
                        "SnapshotId": "snap-023d0a0357a3f5db1", 
                        "VolumeSize": 8, 
                        "VolumeType": "gp2", 
                        "Encrypted": false
                    }
                }
            ], 
            "Architecture": "x86_64", 
            "ImageLocation": "976851222302/debian-8-c360-1487196661", 
            "RootDeviceType": "ebs", 
            "OwnerId": "976851222302", 
            "RootDeviceName": "/dev/xvda", 
            "CreationDate": "2017-02-15T22:13:59.000Z", 
            "Public": false, 
            "ImageType": "machine", 
            "Description": "Debian 8 C360"
        }, 
        {
            "VirtualizationType": "hvm", 
            "Name": "debian-8-c360-1487194649", 
            "Tags": [
                {
                    "Value": "Debian 8 C360 1487194649", 
                    "Key": "Name"
                }
            ], 
            "Hypervisor": "xen", 
            "EnaSupport": true, 
            "SriovNetSupport": "simple", 
            "ImageId": "ami-275c9531", 
            "State": "available", 
            "BlockDeviceMappings": [
                {
                    "DeviceName": "/dev/xvda", 
                    "Ebs": {
                        "DeleteOnTermination": true, 
                        "SnapshotId": "snap-09748db1751e38843", 
                        "VolumeSize": 8, 
                        "VolumeType": "gp2", 
                        "Encrypted": false
                    }
                }
            ], 
            "Architecture": "x86_64", 
            "ImageLocation": "976851222302/debian-8-c360-1487194649", 
            "RootDeviceType": "ebs", 
            "OwnerId": "976851222302", 
            "RootDeviceName": "/dev/xvda", 
            "CreationDate": "2017-02-15T21:40:53.000Z", 
            "Public": false, 
            "ImageType": "machine", 
            "Description": "Debian 8 C360"
        }, 
        {
            "VirtualizationType": "paravirtual", 
            "Name": "CI-jenkins-ubuntu-10.04", 
            "Tags": [
                {
                    "Value": "Jenkins-u-10.04", 
                    "Key": "Name"
                }
            ], 
            "Hypervisor": "xen", 
            "ImageId": "ami-2fe0d846", 
            "State": "available", 
            "BlockDeviceMappings": [
                {
                    "DeviceName": "/dev/sda1", 
                    "Ebs": {
                        "DeleteOnTermination": true, 
                        "SnapshotId": "snap-213fcd37", 
                        "VolumeSize": 8, 
                        "VolumeType": "standard", 
                        "Encrypted": false
                    }
                }
            ], 
            "Architecture": "i386", 
            "ImageLocation": "976851222302/CI-jenkins-ubuntu-10.04", 
            "RootDeviceType": "ebs", 
            "OwnerId": "976851222302", 
            "RootDeviceName": "/dev/sda1", 
            "CreationDate": "2014-02-04T22:36:04.000Z", 
            "Public": false, 
            "ImageType": "machine", 
            "Description": "Jenkins"
        }, 
        {
            "VirtualizationType": "hvm", 
            "Name": "ubuntu-xenial-c360-1487194649", 
            "Tags": [
                {
                    "Value": "Ubuntu 16.04 C360 1487194649", 
                    "Key": "Name"
                }
            ], 
            "Hypervisor": "xen", 
            "SriovNetSupport": "simple", 
            "ImageId": "ami-465a9350", 
            "State": "available", 
            "BlockDeviceMappings": [
                {
                    "DeviceName": "/dev/sda1", 
                    "Ebs": {
                        "DeleteOnTermination": true, 
                        "SnapshotId": "snap-0b87dba0715d01bb5", 
                        "VolumeSize": 8, 
                        "VolumeType": "gp2", 
                        "Encrypted": false
                    }
                }, 
                {
                    "DeviceName": "/dev/sdb", 
                    "VirtualName": "ephemeral0"
                }, 
                {
                    "DeviceName": "/dev/sdc", 
                    "VirtualName": "ephemeral1"
                }
            ], 
            "Architecture": "x86_64", 
            "ImageLocation": "976851222302/ubuntu-xenial-c360-1487194649", 
            "RootDeviceType": "ebs", 
            "OwnerId": "976851222302", 
            "RootDeviceName": "/dev/sda1", 
            "CreationDate": "2017-02-15T21:40:46.000Z", 
            "Public": false, 
            "ImageType": "machine", 
            "Description": "Ubuntu 16.04 C360"
        }, 
        {
            "VirtualizationType": "paravirtual", 
            "Name": "SilkJS Base", 
            "Tags": [
                {
                    "Value": "06-11-13", 
                    "Key": "Name"
                }
            ], 
            "Hypervisor": "xen", 
            "ImageId": "ami-4da6d124", 
            "RootDeviceType": "ebs", 
            "State": "available", 
            "BlockDeviceMappings": [
                {
                    "DeviceName": "/dev/sdb", 
                    "VirtualName": "ephemeral0"
                }, 
                {
                    "DeviceName": "/dev/sda1", 
                    "Ebs": {
                        "DeleteOnTermination": true, 
                        "SnapshotId": "snap-73b0a32c", 
                        "VolumeSize": 8, 
                        "VolumeType": "standard", 
                        "Encrypted": false
                    }
                }
            ], 
            "Architecture": "x86_64", 
            "ImageLocation": "976851222302/SilkJS Base", 
            "KernelId": "aki-88aa75e1", 
            "OwnerId": "976851222302", 
            "RootDeviceName": "/dev/sda1", 
            "CreationDate": "2013-06-11T21:17:53.000Z", 
            "Public": false, 
            "ImageType": "machine", 
            "Description": "06-11-13"
        }, 
        {
            "VirtualizationType": "paravirtual", 
            "Name": "Modus-Labs-decommission", 
            "Tags": [
                {
                    "Value": "Modus-Labs", 
                    "Key": "Name"
                }
            ], 
            "Hypervisor": "xen", 
            "ImageId": "ami-60353877", 
            "RootDeviceType": "ebs", 
            "State": "available", 
            "BlockDeviceMappings": [
                {
                    "DeviceName": "/dev/sda1", 
                    "Ebs": {
                        "DeleteOnTermination": true, 
                        "SnapshotId": "snap-cbedffb2", 
                        "VolumeSize": 8, 
                        "VolumeType": "standard", 
                        "Encrypted": false
                    }
                }, 
                {
                    "DeviceName": "/dev/sdb", 
                    "VirtualName": "ephemeral0"
                }
            ], 
            "Architecture": "x86_64", 
            "ImageLocation": "976851222302/Modus-Labs-decommission", 
            "KernelId": "aki-88aa75e1", 
            "OwnerId": "976851222302", 
            "RootDeviceName": "/dev/sda1", 
            "CreationDate": "2016-12-12T16:49:41.000Z", 
            "Public": false, 
            "ImageType": "machine", 
            "Description": "This has a SilkJS and NodeJS install with TouchDJ, ModusTalk and webrtc. It has not been used in years. Instance type t1.small."
        }, 
        {
            "VirtualizationType": "hvm", 
            "Name": "jenkins-slave-ubuntu-14.04-amd64", 
            "Tags": [
                {
                    "Value": "jenkins-slave-ubuntu-14.04-amd64", 
                    "Key": "Name"
                }
            ], 
            "Hypervisor": "xen", 
            "SriovNetSupport": "simple", 
            "ImageId": "ami-62fdc708", 
            "State": "available", 
            "BlockDeviceMappings": [
                {
                    "DeviceName": "/dev/sda1", 
                    "Ebs": {
                        "DeleteOnTermination": true, 
                        "SnapshotId": "snap-8b2c9dfa", 
                        "VolumeSize": 8, 
                        "VolumeType": "gp2", 
                        "Encrypted": false
                    }
                }
            ], 
            "Architecture": "x86_64", 
            "ImageLocation": "976851222302/jenkins-slave-ubuntu-14.04-amd64", 
            "RootDeviceType": "ebs", 
            "OwnerId": "976851222302", 
            "RootDeviceName": "/dev/sda1", 
            "CreationDate": "2016-03-08T01:23:17.000Z", 
            "Public": false, 
            "ImageType": "machine", 
            "Description": "An Ubuntu 14.04 amd64 Jenkins slave image"
        }, 
        {
            "VirtualizationType": "paravirtual", 
            "Name": "decaf base", 
            "Tags": [
                {
                    "Value": "decaf base 07-29-13", 
                    "Key": "Name"
                }
            ], 
            "Hypervisor": "xen", 
            "ImageId": "ami-6a95ef03", 
            "RootDeviceType": "ebs", 
            "State": "available", 
            "BlockDeviceMappings": [
                {
                    "DeviceName": "/dev/sdb", 
                    "VirtualName": "ephemeral0"
                }, 
                {
                    "DeviceName": "/dev/sda1", 
                    "Ebs": {
                        "DeleteOnTermination": true, 
                        "SnapshotId": "snap-01d01e54", 
                        "VolumeSize": 8, 
                        "VolumeType": "standard", 
                        "Encrypted": false
                    }
                }
            ], 
            "Architecture": "x86_64", 
            "ImageLocation": "976851222302/decaf base", 
            "KernelId": "aki-88aa75e1", 
            "OwnerId": "976851222302", 
            "RootDeviceName": "/dev/sda1", 
            "CreationDate": "2013-07-29T21:04:53.000Z", 
            "Public": false, 
            "ImageType": "machine", 
            "Description": "basic decaf"
        }, 
        {
            "VirtualizationType": "hvm", 
            "Name": "debian-8-c360-1487107535", 
            "Tags": [
                {
                    "Value": "Debian 8 C360 1487107535", 
                    "Key": "Name"
                }
            ], 
            "Hypervisor": "xen", 
            "EnaSupport": true, 
            "SriovNetSupport": "simple", 
            "ImageId": "ami-7929e76f", 
            "State": "available", 
            "BlockDeviceMappings": [
                {
                    "DeviceName": "/dev/xvda", 
                    "Ebs": {
                        "DeleteOnTermination": true, 
                        "SnapshotId": "snap-0e6fe6a13b0542fb0", 
                        "VolumeSize": 8, 
                        "VolumeType": "gp2", 
                        "Encrypted": false
                    }
                }
            ], 
            "Architecture": "x86_64", 
            "ImageLocation": "976851222302/debian-8-c360-1487107535", 
            "RootDeviceType": "ebs", 
            "OwnerId": "976851222302", 
            "RootDeviceName": "/dev/xvda", 
            "CreationDate": "2017-02-14T21:28:13.000Z", 
            "Public": false, 
            "ImageType": "machine", 
            "Description": "Debian 8 C360"
        }, 
        {
            "VirtualizationType": "paravirtual", 
            "Name": "NodeJS Base", 
            "Tags": [
                {
                    "Value": "08-19-13", 
                    "Key": "Name"
                }
            ], 
            "Hypervisor": "xen", 
            "ImageId": "ami-7bc78712", 
            "RootDeviceType": "ebs", 
            "State": "available", 
            "BlockDeviceMappings": [
                {
                    "DeviceName": "/dev/sdb", 
                    "VirtualName": "ephemeral0"
                }, 
                {
                    "DeviceName": "/dev/sda1", 
                    "Ebs": {
                        "DeleteOnTermination": true, 
                        "SnapshotId": "snap-3f87c732", 
                        "VolumeSize": 8, 
                        "VolumeType": "standard", 
                        "Encrypted": false
                    }
                }
            ], 
            "Architecture": "x86_64", 
            "ImageLocation": "976851222302/NodeJS Base", 
            "KernelId": "aki-88aa75e1", 
            "OwnerId": "976851222302", 
            "RootDeviceName": "/dev/sda1", 
            "CreationDate": "2013-08-19T21:54:25.000Z", 
            "Public": false, 
            "ImageType": "machine", 
            "Description": "NodeJS Base"
        }, 
        {
            "VirtualizationType": "hvm", 
            "Name": "kaplan-deploy-ec2", 
            "Tags": [
                {
                    "Value": "kaplan-project", 
                    "Key": "Name"
                }
            ], 
            "Hypervisor": "xen", 
            "SriovNetSupport": "simple", 
            "ImageId": "ami-802e7297", 
            "State": "available", 
            "BlockDeviceMappings": [
                {
                    "DeviceName": "/dev/sda1", 
                    "Ebs": {
                        "DeleteOnTermination": true, 
                        "SnapshotId": "snap-af27b826", 
                        "VolumeSize": 30, 
                        "VolumeType": "gp2", 
                        "Encrypted": false
                    }
                }
            ], 
            "Architecture": "x86_64", 
            "ImageLocation": "976851222302/kaplan-deploy-ec2", 
            "RootDeviceType": "ebs", 
            "OwnerId": "976851222302", 
            "RootDeviceName": "/dev/sda1", 
            "CreationDate": "2016-10-24T19:14:17.000Z", 
            "Public": false, 
            "ImageType": "machine", 
            "Description": "kaplan project deployment vm with docker"
        }, 
        {
            "VirtualizationType": "hvm", 
            "Name": "ci-kaplan-project", 
            "Tags": [
                {
                    "Value": "ci-kaplan-project", 
                    "Key": "Name"
                }
            ], 
            "Hypervisor": "xen", 
            "SriovNetSupport": "simple", 
            "ImageId": "ami-944a1f83", 
            "State": "available", 
            "BlockDeviceMappings": [
                {
                    "DeviceName": "/dev/sda1", 
                    "Ebs": {
                        "DeleteOnTermination": true, 
                        "SnapshotId": "snap-46a06c3e", 
                        "VolumeSize": 25, 
                        "VolumeType": "gp2", 
                        "Encrypted": false
                    }
                }
            ], 
            "Architecture": "x86_64", 
            "ImageLocation": "976851222302/ci-kaplan-project", 
            "RootDeviceType": "ebs", 
            "OwnerId": "976851222302", 
            "RootDeviceName": "/dev/sda1", 
            "CreationDate": "2016-10-13T22:05:21.000Z", 
            "Public": false, 
            "ImageType": "machine", 
            "Description": "Jenkins machin configured for Kaplan Project"
        }, 
        {
            "VirtualizationType": "hvm", 
            "Name": "debian-8-c360-1487260306", 
            "Tags": [
                {
                    "Value": "Debian 8 C360 1487260306", 
                    "Key": "Name"
                }
            ], 
            "Hypervisor": "xen", 
            "EnaSupport": true, 
            "SriovNetSupport": "simple", 
            "ImageId": "ami-a04088b6", 
            "State": "available", 
            "BlockDeviceMappings": [
                {
                    "DeviceName": "/dev/xvda", 
                    "Ebs": {
                        "DeleteOnTermination": true, 
                        "SnapshotId": "snap-083a6ea8b84d7c675", 
                        "VolumeSize": 8, 
                        "VolumeType": "gp2", 
                        "Encrypted": false
                    }
                }
            ], 
            "Architecture": "x86_64", 
            "ImageLocation": "976851222302/debian-8-c360-1487260306", 
            "RootDeviceType": "ebs", 
            "OwnerId": "976851222302", 
            "RootDeviceName": "/dev/xvda", 
            "CreationDate": "2017-02-16T16:00:24.000Z", 
            "Public": false, 
            "ImageType": "machine", 
            "Description": "Debian 8 C360"
        }, 
        {
            "VirtualizationType": "hvm", 
            "Name": "debian-8-c360-1487259494", 
            "Tags": [
                {
                    "Value": "Debian 8 C360 1487259494", 
                    "Key": "Name"
                }
            ], 
            "Hypervisor": "xen", 
            "EnaSupport": true, 
            "SriovNetSupport": "simple", 
            "ImageId": "ami-a94e86bf", 
            "State": "available", 
            "BlockDeviceMappings": [
                {
                    "DeviceName": "/dev/xvda", 
                    "Ebs": {
                        "DeleteOnTermination": true, 
                        "SnapshotId": "snap-0f5271d69a88601ad", 
                        "VolumeSize": 8, 
                        "VolumeType": "gp2", 
                        "Encrypted": false
                    }
                }
            ], 
            "Architecture": "x86_64", 
            "ImageLocation": "976851222302/debian-8-c360-1487259494", 
            "RootDeviceType": "ebs", 
            "OwnerId": "976851222302", 
            "RootDeviceName": "/dev/xvda", 
            "CreationDate": "2017-02-16T15:42:28.000Z", 
            "Public": false, 
            "ImageType": "machine", 
            "Description": "Debian 8 C360"
        }, 
        {
            "VirtualizationType": "hvm", 
            "Name": "ubuntu-xenial-c360-1487107535", 
            "Tags": [
                {
                    "Value": "Ubuntu 16.04 C360 1487107535", 
                    "Key": "Name"
                }
            ], 
            "Hypervisor": "xen", 
            "SriovNetSupport": "simple", 
            "ImageId": "ami-b02be5a6", 
            "State": "available", 
            "BlockDeviceMappings": [
                {
                    "DeviceName": "/dev/sda1", 
                    "Ebs": {
                        "DeleteOnTermination": true, 
                        "SnapshotId": "snap-02b9d628078d240d5", 
                        "VolumeSize": 8, 
                        "VolumeType": "gp2", 
                        "Encrypted": false
                    }
                }, 
                {
                    "DeviceName": "/dev/sdb", 
                    "VirtualName": "ephemeral0"
                }, 
                {
                    "DeviceName": "/dev/sdc", 
                    "VirtualName": "ephemeral1"
                }
            ], 
            "Architecture": "x86_64", 
            "ImageLocation": "976851222302/ubuntu-xenial-c360-1487107535", 
            "RootDeviceType": "ebs", 
            "OwnerId": "976851222302", 
            "RootDeviceName": "/dev/sda1", 
            "CreationDate": "2017-02-14T21:28:03.000Z", 
            "Public": false, 
            "ImageType": "machine", 
            "Description": "Ubuntu 16.04 C360"
        }, 
        {
            "VirtualizationType": "hvm", 
            "Name": "kickstartapp 1431132661", 
            "Tags": [
                {
                    "Value": "kickstart", 
                    "Key": "Name"
                }, 
                {
                    "Value": "kickstart", 
                    "Key": "Application"
                }
            ], 
            "Hypervisor": "xen", 
            "SriovNetSupport": "simple", 
            "ImageId": "ami-c4d3c4ac", 
            "State": "available", 
            "BlockDeviceMappings": [
                {
                    "DeviceName": "/dev/sda1", 
                    "Ebs": {
                        "DeleteOnTermination": true, 
                        "SnapshotId": "snap-8e80f8c4", 
                        "VolumeSize": 8, 
                        "VolumeType": "gp2", 
                        "Encrypted": false
                    }
                }, 
                {
                    "DeviceName": "/dev/sdb", 
                    "VirtualName": "ephemeral0"
                }, 
                {
                    "DeviceName": "/dev/sdc", 
                    "VirtualName": "ephemeral1"
                }
            ], 
            "Architecture": "x86_64", 
            "ImageLocation": "976851222302/kickstartapp 1431132661", 
            "RootDeviceType": "ebs", 
            "OwnerId": "976851222302", 
            "RootDeviceName": "/dev/sda1", 
            "CreationDate": "2015-05-09T00:55:18.000Z", 
            "Public": false, 
            "ImageType": "machine"
        }, 
        {
            "VirtualizationType": "paravirtual", 
            "Name": "rvrs.it Base", 
            "Tags": [
                {
                    "Value": "06-11-13", 
                    "Key": "Name"
                }
            ], 
            "Hypervisor": "xen", 
            "ImageId": "ami-c5b8cfac", 
            "RootDeviceType": "ebs", 
            "State": "available", 
            "BlockDeviceMappings": [
                {
                    "DeviceName": "/dev/sdb", 
                    "VirtualName": "ephemeral0"
                }, 
                {
                    "DeviceName": "/dev/sda1", 
                    "Ebs": {
                        "DeleteOnTermination": true, 
                        "SnapshotId": "snap-843e2ddb", 
                        "VolumeSize": 8, 
                        "VolumeType": "standard", 
                        "Encrypted": false
                    }
                }
            ], 
            "Architecture": "x86_64", 
            "ImageLocation": "976851222302/rvrs.it Base", 
            "KernelId": "aki-88aa75e1", 
            "OwnerId": "976851222302", 
            "RootDeviceName": "/dev/sda1", 
            "CreationDate": "2013-06-11T20:55:25.000Z", 
            "Public": false, 
            "ImageType": "machine", 
            "Description": "06-11-13"
        }, 
        {
            "VirtualizationType": "hvm", 
            "Name": "ubuntu-xenial-c360-1487105311", 
            "Tags": [
                {
                    "Value": "Ubuntu 16.04 C360 1487105311", 
                    "Key": "Name"
                }
            ], 
            "Hypervisor": "xen", 
            "SriovNetSupport": "simple", 
            "ImageId": "ami-cb12dcdd", 
            "State": "available", 
            "BlockDeviceMappings": [
                {
                    "DeviceName": "/dev/sda1", 
                    "Ebs": {
                        "DeleteOnTermination": true, 
                        "SnapshotId": "snap-0979ddfdc5103cac8", 
                        "VolumeSize": 8, 
                        "VolumeType": "gp2", 
                        "Encrypted": false
                    }
                }, 
                {
                    "DeviceName": "/dev/sdb", 
                    "VirtualName": "ephemeral0"
                }, 
                {
                    "DeviceName": "/dev/sdc", 
                    "VirtualName": "ephemeral1"
                }
            ], 
            "Architecture": "x86_64", 
            "ImageLocation": "976851222302/ubuntu-xenial-c360-1487105311", 
            "RootDeviceType": "ebs", 
            "OwnerId": "976851222302", 
            "RootDeviceName": "/dev/sda1", 
            "CreationDate": "2017-02-14T20:51:01.000Z", 
            "Public": false, 
            "ImageType": "machine", 
            "Description": "Ubuntu 16.04 C360"
        }, 
        {
            "VirtualizationType": "hvm", 
            "Name": "jenkins-ubuntu-14.04-amd64-2", 
            "Tags": [
                {
                    "Value": "jenkins-slave-ubuntu-14.04-amd64-2", 
                    "Key": "Name"
                }
            ], 
            "Hypervisor": "xen", 
            "SriovNetSupport": "simple", 
            "ImageId": "ami-cd8fb5a7", 
            "State": "available", 
            "BlockDeviceMappings": [
                {
                    "DeviceName": "/dev/sda1", 
                    "Ebs": {
                        "DeleteOnTermination": true, 
                        "SnapshotId": "snap-0cf7be0e", 
                        "VolumeSize": 8, 
                        "VolumeType": "gp2", 
                        "Encrypted": false
                    }
                }
            ], 
            "Architecture": "x86_64", 
            "ImageLocation": "976851222302/jenkins-ubuntu-14.04-amd64-2", 
            "RootDeviceType": "ebs", 
            "OwnerId": "976851222302", 
            "RootDeviceName": "/dev/sda1", 
            "CreationDate": "2016-03-08T14:29:19.000Z", 
            "Public": false, 
            "ImageType": "machine", 
            "Description": "Jenkins Ubuntu 14.04 amd64 slave, take 2"
        }, 
        {
            "VirtualizationType": "hvm", 
            "Name": "ubuntu-xenial-c360-1487260306", 
            "Tags": [
                {
                    "Value": "Ubuntu 16.04 C360 1487260306", 
                    "Key": "Name"
                }
            ], 
            "Hypervisor": "xen", 
            "SriovNetSupport": "simple", 
            "ImageId": "ami-e54d85f3", 
            "State": "available", 
            "BlockDeviceMappings": [
                {
                    "DeviceName": "/dev/sda1", 
                    "Ebs": {
                        "DeleteOnTermination": true, 
                        "SnapshotId": "snap-0bbb95a0fda8b5d11", 
                        "VolumeSize": 8, 
                        "VolumeType": "gp2", 
                        "Encrypted": false
                    }
                }, 
                {
                    "DeviceName": "/dev/sdb", 
                    "VirtualName": "ephemeral0"
                }, 
                {
                    "DeviceName": "/dev/sdc", 
                    "VirtualName": "ephemeral1"
                }
            ], 
            "Architecture": "x86_64", 
            "ImageLocation": "976851222302/ubuntu-xenial-c360-1487260306", 
            "RootDeviceType": "ebs", 
            "OwnerId": "976851222302", 
            "RootDeviceName": "/dev/sda1", 
            "CreationDate": "2017-02-16T15:56:21.000Z", 
            "Public": false, 
            "ImageType": "machine", 
            "Description": "Ubuntu 16.04 C360"
        }, 
        {
            "VirtualizationType": "hvm", 
            "Name": "debian-8-c360-1487105311", 
            "Tags": [
                {
                    "Value": "Debian 8 C360 1487105311", 
                    "Key": "Name"
                }
            ], 
            "Hypervisor": "xen", 
            "EnaSupport": true, 
            "SriovNetSupport": "simple", 
            "ImageId": "ami-e912dcff", 
            "State": "available", 
            "BlockDeviceMappings": [
                {
                    "DeviceName": "/dev/xvda", 
                    "Ebs": {
                        "DeleteOnTermination": true, 
                        "SnapshotId": "snap-07c24ee993dc3e0f3", 
                        "VolumeSize": 8, 
                        "VolumeType": "gp2", 
                        "Encrypted": false
                    }
                }
            ], 
            "Architecture": "x86_64", 
            "ImageLocation": "976851222302/debian-8-c360-1487105311", 
            "RootDeviceType": "ebs", 
            "OwnerId": "976851222302", 
            "RootDeviceName": "/dev/xvda", 
            "CreationDate": "2017-02-14T20:51:04.000Z", 
            "Public": false, 
            "ImageType": "machine", 
            "Description": "Debian 8 C360"
        }
    ]
}
